"idCustomer";"firstName";"lastName";"passport";"nic";"address";"dob";"gender";"contact"
"CS001";"Piyush";"Choudhary";"09876678";"4678987654";"Delhi";"2001-45-30";"Male";"567890987"
"CS002";"gsdvch";"bashcdbhsdc";"234567643";"23443234";"sdncjsdc";"2022-11-02";"Male";"23456534"
"CS003";"Aditya";"Rahul";"398765";"34678765";"London";"2002-10-16";"Female";"458987667"
"CS009876";"vshvcjhsvb";"bjdvbdsjhv";"8488947987";"784787";"bhdbfhj";"2022-11-22";"Male";"56789876"
"CS9877";"Piyush";"Choudhary";"987657";"098764";"fhcgh";"2022-11-22";"Male";"99110066772"
"CS9878";"kjhgfgh";"jhgfdfyu";"2346098";"09876";"fgsdhgcjd";"2022-11-22";"Male";"9988117766"
